<?xml version="1.0" encoding="UTF-8"?>
<project-private xmlns="http://www.netbeans.org/ns/project-private/1">
    <editor-bookmarks xmlns="http://www.netbeans.org/ns/editor-bookmarks/2" lastBookmarkId="0"/>
    <open-files xmlns="http://www.netbeans.org/ns/projectui-open-files/2">
        <group>
            <file>file:/C:/Users/Lenovo/OneDrive/Documents/NetBeansProjects/C_9_TiketPesawat/src/View/HomePageView.java</file>
            <file>file:/C:/Users/Lenovo/OneDrive/Documents/NetBeansProjects/C_9_TiketPesawat/src/Panel/BookFlightPanel.java</file>
            <file>file:/C:/Users/Lenovo/OneDrive/Documents/NetBeansProjects/C_9_TiketPesawat/src/Panel/NextFlightPanel.java</file>
        </group>
    </open-files>
</project-private>
